title,url
Solar Eclipse 2024,https://v.daum.net/v/20230407220359582
트럼프 성추문 배우 “법정서 직접 증언하겠다”,https://v.daum.net/v/20230407220122558
Climate Home Runs,https://v.daum.net/v/20230407215909505
Climate Home Runs,https://v.daum.net/v/20230407215906504
Climate Home Runs,https://v.daum.net/v/20230407215902501
Climate Home Runs,https://v.daum.net/v/20230407215859500
Climate Home Runs,https://v.daum.net/v/20230407215855499
Climate Home Runs,https://v.daum.net/v/20230407215852498
Climate Home Runs,https://v.daum.net/v/20230407215848496
Climate Home Runs,https://v.daum.net/v/20230407215845495
SPAIN HOLY WEEK,https://v.daum.net/v/20230407215824487
INDIA BELIEF GOOD FRIDAY,https://v.daum.net/v/20230407215730471
美 3월 비농업 신규 고용 발표 “23만6000건 증가”,https://v.daum.net/v/20230407215707462
3월 미국 신규 취업자 23만6000명···고용시장 차츰 냉각,https://v.daum.net/v/20230407215701459
India Kashmir Ramadan,https://v.daum.net/v/20230407215657456
India Kashmir Ramadan,https://v.daum.net/v/20230407215657456
SPAIN ANIMALS,https://v.daum.net/v/20230407215653455
중 “주미 타이완대표 제재”…유럽에는 ‘선물 공세’,https://v.daum.net/v/20230407215320399
Egypt Ramadan,https://v.daum.net/v/20230407215139374
APTOPIX Lebanon Israel,https://v.daum.net/v/20230407215125370
APTOPIX Israel Palestinians,https://v.daum.net/v/20230407215047351
"美 고용지표 악화...IMF ""올해 세계 경제 3% 미만 성장""",https://v.daum.net/v/20230407214907340
미 사업체 3월 일자리순증 23.6만개…실업률 3.5%(1보),https://v.daum.net/v/20230407214830331
Egypt Ramadan,https://v.daum.net/v/20230407214813327
Russia Orthodox Annunciation,https://v.daum.net/v/20230407214805325
GM Cruise-Recall,https://v.daum.net/v/20230407214747317
APTOPIX Israel Palestinians,https://v.daum.net/v/20230407214630304
"중국, 이번엔 저강도 보복...대만 총통 미국 방문에 '제재'로 맞불",https://v.daum.net/v/20230407214554295
"美노동부 ""3월 비농업 일자리 23.6만개↑"" …전망 하회(1보)",https://v.daum.net/v/20230407214447277
"원전 못 가보고, 오염수 우려 ‘청취’만…“준비 부족했다”",https://v.daum.net/v/20230407214418271
